{
  "refused_harmful": {
    "delta_harmful": [
      0.17920777201652527,
      0.2684879004955292,
      0.16931194067001343,
      0.2110121101140976,
      0.2038707137107849,
      0.1575700044631958,
      0.22270117700099945,
      0.1448712944984436,
      0.20477044582366943,
      0.21696749329566956,
      0.19330725073814392,
      0.20963318645954132,
      0.19211706519126892,
      0.21644875407218933,
      0.20841652154922485,
      0.16038765013217926,
      0.2627878487110138,
      0.2711796164512634,
      0.20747560262680054,
      0.2273121327161789,
      0.18194438517093658,
      0.1758047342300415,
      0.2082042247056961,
      0.19776682555675507,
      0.22490869462490082,
      0.19929969310760498,
      0.18874643743038177,
      0.1376451998949051,
      0.17454952001571655,
      0.19507497549057007,
      0.22758403420448303,
      0.17355826497077942,
      0.1644616574048996,
      0.2058980017900467,
      0.18341664969921112,
      0.2056737244129181,
      0.1545715034008026,
      0.14731523394584656,
      0.26296111941337585,
      0.18024972081184387,
      0.23143067955970764,
      0.2053694874048233,
      0.19944673776626587,
      0.20542007684707642,
      0.2208186239004135,
      0.2161257565021515,
      0.1679847091436386,
      0.16035664081573486,
      0.19541683793067932,
      0.21255017817020416
    ],
    "delta_refuse": [
      0.07377075403928757,
      0.07395538687705994,
      0.06282011419534683,
      0.0854950100183487,
      0.0783628597855568,
      0.06688889861106873,
      0.08292710036039352,
      0.08751118928194046,
      0.07779757678508759,
      0.055275581777095795,
      0.07963685691356659,
      0.06443335860967636,
      0.07980217039585114,
      0.08265126496553421,
      0.0779886394739151,
      0.0671916976571083,
      0.07799138128757477,
      0.07243221253156662,
      0.07653060555458069,
      0.06987938284873962,
      0.07176709920167923,
      0.06677861511707306,
      0.07485982775688171,
      0.08353880047798157,
      0.07686465233564377,
      0.0806870311498642,
      0.06018851697444916,
      0.0488734096288681,
      0.08409891277551651,
      0.0811428502202034,
      0.08326668292284012,
      0.06925855576992035,
      0.07612279057502747,
      0.08031430840492249,
      0.09211857616901398,
      0.08169642835855484,
      0.08907224982976913,
      0.07074384391307831,
      0.07282595336437225,
      0.06737674027681351,
      0.061964478343725204,
      0.07369181513786316,
      0.07136132568120956,
      0.05072977766394615,
      0.07468411326408386,
      0.06065371260046959,
      0.07940353453159332,
      0.08314837515354156,
      0.07374216616153717,
      0.07516367733478546
    ]
  },
  "accepted_harmful": {
    "delta_harmful": [
      -0.2418978065252304,
      -0.2537572979927063,
      -0.23951053619384766,
      -0.2434275895357132,
      -0.22816164791584015,
      -0.23059220612049103,
      -0.2453593611717224,
      -0.26477691531181335,
      -0.24273143708705902,
      -0.29218560457229614,
      -0.23076245188713074,
      -0.2240971028804779,
      -0.24508680403232574,
      -0.1564120352268219,
      -0.21464478969573975,
      -0.22285540401935577,
      -0.20292901992797852,
      -0.2865280210971832,
      -0.2556447684764862,
      -0.2439855933189392,
      -0.2627316117286682,
      0.03081270307302475,
      0.03081710822880268,
      0.023630980402231216,
      0.03088591992855072,
      0.02278739959001541,
      0.024404263123869896,
      0.01659141667187214,
      0.028733069077134132,
      0.010684704408049583,
      0.029161715880036354,
      0.021906210109591484,
      0.024911997839808464,
      0.01541481539607048,
      0.03096933290362358,
      0.020786643028259277,
      0.02841220609843731,
      0.02069024182856083,
      0.022718269377946854,
      0.013794046826660633,
      0.008539865724742413,
      0.011877371929585934,
      0.024300115182995796,
      0.031435880810022354,
      0.027359239757061005,
      0.011251213029026985,
      0.03068331815302372,
      0.027673186734318733,
      0.025618478655815125,
      0.028698571026325226
    ],
    "delta_refuse": [
      -0.021496552973985672,
      0.041192952543497086,
      0.019375544041395187,
      0.03331796079874039,
      0.03657226637005806,
      0.004014627542346716,
      0.005945748183876276,
      -0.04334152489900589,
      -0.013640999794006348,
      -0.02546442672610283,
      -0.016437236219644547,
      -0.0010546795092523098,
      -0.01719955913722515,
      -0.04094681143760681,
      0.046526677906513214,
      0.05049292743206024,
      0.0701129212975502,
      -0.008164274506270885,
      -0.008733196184039116,
      0.030770491808652878,
      -0.04141100123524666,
      -0.09035572409629822,
      -0.09183663874864578,
      -0.09426390379667282,
      -0.09088657796382904,
      -0.09384991973638535,
      -0.09169746190309525,
      -0.08942435681819916,
      -0.09308753907680511,
      -0.08992423862218857,
      -0.08863049745559692,
      -0.09099747240543365,
      -0.08419214189052582,
      -0.09453082829713821,
      -0.08999114483594894,
      -0.091635562479496,
      -0.09393931180238724,
      -0.08544423431158066,
      -0.08590716123580933,
      -0.08279361575841904,
      -0.08852455019950867,
      -0.09291691333055496,
      -0.09242986887693405,
      -0.08553867042064667,
      -0.08863534778356552,
      -0.08993768692016602,
      -0.09313545376062393,
      -0.09039058536291122,
      -0.08676865696907043,
      -0.09057725965976715
    ]
  },
  "refused_harmless": {
    "delta_harmful": [
      -0.278500497341156,
      0.07620085030794144,
      0.06930786371231079,
      -0.3047541379928589,
      -0.3099295198917389,
      -0.3288920819759369,
      -0.2954487204551697,
      -0.32952651381492615,
      -0.2871384918689728,
      -0.2851615846157074,
      -0.2008296102285385,
      -0.2055857926607132,
      -0.20204684138298035,
      -0.20720340311527252,
      -0.20186471939086914,
      -0.1977001279592514,
      -0.21195727586746216,
      -0.20816028118133545,
      -0.24721959233283997,
      -0.2509692907333374,
      -0.2336319237947464,
      -0.236459881067276
    ],
    "delta_refuse": [
      -0.028664832934737206,
      -0.005216532852500677,
      -0.027384677901864052,
      -0.03009655699133873,
      -0.056252703070640564,
      -0.04615152254700661,
      -0.04075228050351143,
      -0.053417082875967026,
      -0.04434661194682121,
      -0.04555802419781685,
      0.035172369331121445,
      0.051506027579307556,
      0.038988664746284485,
      0.05986228212714195,
      0.03622980788350105,
      0.025118518620729446,
      0.03279554843902588,
      0.03089301660656929,
      0.008350474759936333,
      0.005032043904066086,
      0.02783926948904991,
      0.013566611334681511
    ]
  },