{
  "n_layers": 28,
  "steering_coeff": 20,
  "n_samples": 30,
  "baseline_pct": 0.0,
  "rates_hf_pct": [
    0.0,
    96.66666666666667,
    53.333333333333336,
    60.0,
    10.0,
    26.666666666666668,
    16.666666666666668,
    3.3333333333333335,
    0.0,
    0.0,
    3.3333333333333335,
    3.3333333333333335,
    6.666666666666667,
    13.333333333333334,
    16.666666666666668,
    0.0,
    6.666666666666667,
    0.0,
    6.666666666666667,
    0.0,
    0.0,
    0.0,
    0.0,
    0.0,
    0.0,
    0.0,
    0.0,
    0.0
  ],
  "rates_refuse_pct": [
    0.0,
    10.0,
    0.0,
    0.0,
    0.0,
    0.0,
    0.0,
    0.0,
    0.0,
    0.0,
    0.0,
    0.0,
    0.0,
    0.0,
    6.666666666666667,
    70.0,
    60.0,
    53.333333333333336,
    13.333333333333334,
    16.666666666666668,
    10.0,
    6.666666666666667,
    3.3333333333333335,
    3.3333333333333335,
    3.3333333333333335,
    3.3333333333333335,
    3.3333333333333335,
    0.0
  ]
}